Auto-update on Fri May 23 05:39:40 UTC 2025
Auto-update on Sat May 24 03:16:02 UTC 2025
Auto-update on Sun May 25 03:37:28 UTC 2025
Auto-update on Mon May 26 03:35:21 UTC 2025
Auto-update on Tue May 27 03:31:00 UTC 2025
Auto-update on Wed May 28 03:32:34 UTC 2025
Auto-update on Thu May 29 03:33:37 UTC 2025
Auto-update on Fri May 30 03:31:46 UTC 2025
Auto-update on Sat May 31 03:29:47 UTC 2025
Auto-update on Sun Jun  1 03:52:27 UTC 2025
Auto-update on Mon Jun  2 03:41:32 UTC 2025
Auto-update on Tue Jun  3 03:35:46 UTC 2025
Auto-update on Wed Jun  4 03:36:23 UTC 2025
Auto-update on Thu Jun  5 03:37:03 UTC 2025
Auto-update on Fri Jun  6 03:36:14 UTC 2025
Auto-update on Sat Jun  7 03:32:35 UTC 2025
Auto-update on Sun Jun  8 03:41:58 UTC 2025
Auto-update on Mon Jun  9 03:42:06 UTC 2025
Auto-update on Tue Jun 10 03:38:03 UTC 2025
Auto-update on Wed Jun 11 03:37:30 UTC 2025
Auto-update on Thu Jun 12 03:36:39 UTC 2025
Auto-update on Fri Jun 13 03:37:44 UTC 2025
Auto-update on Sat Jun 14 03:32:06 UTC 2025
Auto-update on Sun Jun 15 03:42:14 UTC 2025
Auto-update on Mon Jun 16 03:42:58 UTC 2025
Auto-update on Tue Jun 17 03:38:07 UTC 2025
Auto-update on Wed Jun 18 03:37:09 UTC 2025
Auto-update on Thu Jun 19 03:37:37 UTC 2025
Auto-update on Fri Jun 20 03:36:47 UTC 2025
Auto-update on Sat Jun 21 03:33:25 UTC 2025
Auto-update on Sun Jun 22 03:43:42 UTC 2025
Auto-update on Mon Jun 23 03:46:03 UTC 2025
Auto-update on Tue Jun 24 01:56:30 UTC 2025
Auto-update on Wed Jun 25 01:56:36 UTC 2025
Auto-update on Thu Jun 26 01:55:33 UTC 2025
Auto-update on Fri Jun 27 01:56:32 UTC 2025
Auto-update on Sat Jun 28 01:52:24 UTC 2025
Auto-update on Sun Jun 29 02:06:38 UTC 2025
Auto-update on Mon Jun 30 02:01:38 UTC 2025
Auto-update on Tue Jul  1 02:07:25 UTC 2025
Auto-update on Wed Jul  2 01:56:11 UTC 2025
Auto-update on Thu Jul  3 01:56:23 UTC 2025
Auto-update on Fri Jul  4 01:56:01 UTC 2025
Auto-update on Sat Jul  5 01:51:56 UTC 2025
Auto-update on Sun Jul  6 02:05:06 UTC 2025
Auto-update on Mon Jul  7 02:02:13 UTC 2025
Auto-update on Tue Jul  8 01:56:55 UTC 2025
Auto-update on Wed Jul  9 01:58:28 UTC 2025
Auto-update on Thu Jul 10 01:58:18 UTC 2025
Auto-update on Fri Jul 11 02:00:52 UTC 2025
Auto-update on Sat Jul 12 02:01:54 UTC 2025
Auto-update on Sun Jul 13 02:10:12 UTC 2025
Auto-update on Mon Jul 14 02:05:29 UTC 2025
Auto-update on Tue Jul 15 02:05:12 UTC 2025
Auto-update on Wed Jul 16 02:02:04 UTC 2025
Auto-update on Thu Jul 17 02:02:27 UTC 2025
Auto-update on Fri Jul 18 02:04:03 UTC 2025
Auto-update on Sat Jul 19 01:58:11 UTC 2025
Auto-update on Sun Jul 20 02:11:39 UTC 2025
Auto-update on Mon Jul 21 02:08:50 UTC 2025
Auto-update on Tue Jul 22 02:03:17 UTC 2025
Auto-update on Wed Jul 23 02:04:13 UTC 2025
Auto-update on Thu Jul 24 02:03:21 UTC 2025
Auto-update on Fri Jul 25 02:03:10 UTC 2025
Auto-update on Sat Jul 26 01:59:24 UTC 2025
Auto-update on Sun Jul 27 02:18:47 UTC 2025
Auto-update on Mon Jul 28 02:10:02 UTC 2025
Auto-update on Tue Jul 29 02:21:10 UTC 2025
Auto-update on Wed Jul 30 02:06:02 UTC 2025
Auto-update on Thu Jul 31 02:05:37 UTC 2025
Auto-update on Fri Aug  1 02:22:28 UTC 2025
Auto-update on Sat Aug  2 01:59:56 UTC 2025
Auto-update on Sun Aug  3 02:20:54 UTC 2025
Auto-update on Mon Aug  4 02:20:41 UTC 2025
Auto-update on Tue Aug  5 02:08:49 UTC 2025
Auto-update on Wed Aug  6 02:06:55 UTC 2025
Auto-update on Thu Aug  7 02:07:21 UTC 2025
Auto-update on Fri Aug  8 02:06:39 UTC 2025
Auto-update on Sat Aug  9 01:55:43 UTC 2025
Auto-update on Sun Aug 10 02:10:37 UTC 2025
Auto-update on Mon Aug 11 02:06:47 UTC 2025
Auto-update on Tue Aug 12 01:54:52 UTC 2025
Auto-update on Wed Aug 13 01:57:01 UTC 2025
Auto-update on Thu Aug 14 01:57:10 UTC 2025
Auto-update on Fri Aug 15 01:57:51 UTC 2025
Auto-update on Sat Aug 16 01:52:20 UTC 2025
Auto-update on Sun Aug 17 02:03:52 UTC 2025
Auto-update on Mon Aug 18 02:04:19 UTC 2025
Auto-update on Tue Aug 19 01:51:31 UTC 2025
Auto-update on Wed Aug 20 01:49:36 UTC 2025
Auto-update on Thu Aug 21 01:48:20 UTC 2025
Auto-update on Fri Aug 22 01:49:00 UTC 2025
Auto-update on Sat Aug 23 01:45:13 UTC 2025
Auto-update on Sun Aug 24 01:59:14 UTC 2025
Auto-update on Mon Aug 25 01:53:43 UTC 2025
Auto-update on Tue Aug 26 01:49:48 UTC 2025
Auto-update on Wed Aug 27 01:46:42 UTC 2025
Auto-update on Thu Aug 28 01:45:49 UTC 2025
Auto-update on Fri Aug 29 01:45:43 UTC 2025
Auto-update on Sat Aug 30 01:40:38 UTC 2025
Auto-update on Sun Aug 31 01:50:54 UTC 2025
Auto-update on Mon Sep  1 02:00:58 UTC 2025
Auto-update on Tue Sep  2 01:47:33 UTC 2025
Auto-update on Wed Sep  3 01:40:34 UTC 2025
Auto-update on Thu Sep  4 01:41:01 UTC 2025
Auto-update on Fri Sep  5 01:43:17 UTC 2025
Auto-update on Sat Sep  6 01:40:13 UTC 2025
Auto-update on Sun Sep  7 01:48:43 UTC 2025
Auto-update on Mon Sep  8 01:48:24 UTC 2025
Auto-update on Tue Sep  9 01:44:59 UTC 2025
Auto-update on Wed Sep 10 01:41:31 UTC 2025
Auto-update on Thu Sep 11 01:44:12 UTC 2025
Auto-update on Fri Sep 12 01:40:05 UTC 2025
Auto-update on Sat Sep 13 01:35:49 UTC 2025
Auto-update on Sun Sep 14 01:48:09 UTC 2025
Auto-update on Mon Sep 15 01:49:48 UTC 2025
Auto-update on Tue Sep 16 01:41:18 UTC 2025
Auto-update on Wed Sep 17 01:41:37 UTC 2025
Auto-update on Thu Sep 18 01:41:17 UTC 2025
Auto-update on Fri Sep 19 01:44:17 UTC 2025
Auto-update on Sat Sep 20 01:39:24 UTC 2025
Auto-update on Sun Sep 21 01:51:17 UTC 2025
Auto-update on Mon Sep 22 01:51:12 UTC 2025
Auto-update on Tue Sep 23 01:41:56 UTC 2025
Auto-update on Wed Sep 24 01:43:26 UTC 2025
Auto-update on Thu Sep 25 01:43:59 UTC 2025
Auto-update on Fri Sep 26 01:43:10 UTC 2025
Auto-update on Sat Sep 27 01:39:07 UTC 2025
Auto-update on Sun Sep 28 01:52:06 UTC 2025
Auto-update on Mon Sep 29 01:46:12 UTC 2025
Auto-update on Tue Sep 30 01:41:14 UTC 2025
Auto-update on Wed Oct  1 01:53:26 UTC 2025
Auto-update on Thu Oct  2 01:41:30 UTC 2025
Auto-update on Fri Oct  3 01:41:22 UTC 2025
Auto-update on Sat Oct  4 01:37:49 UTC 2025
Auto-update on Sun Oct  5 01:51:06 UTC 2025
Auto-update on Mon Oct  6 01:44:37 UTC 2025
Auto-update on Tue Oct  7 01:42:06 UTC 2025
Auto-update on Wed Oct  8 01:42:23 UTC 2025
Auto-update on Thu Oct  9 01:43:06 UTC 2025
Auto-update on Fri Oct 10 01:43:45 UTC 2025
Auto-update on Sat Oct 11 01:39:29 UTC 2025
Auto-update on Sun Oct 12 01:47:08 UTC 2025
Auto-update on Mon Oct 13 01:50:26 UTC 2025
Auto-update on Tue Oct 14 01:44:02 UTC 2025
Auto-update on Wed Oct 15 01:46:47 UTC 2025
Auto-update on Thu Oct 16 01:45:43 UTC 2025
Auto-update on Fri Oct 17 01:44:44 UTC 2025
Auto-update on Sat Oct 18 01:39:45 UTC 2025
Auto-update on Sun Oct 19 01:56:23 UTC 2025
Auto-update on Mon Oct 20 01:53:37 UTC 2025
Auto-update on Tue Oct 21 01:47:39 UTC 2025
Auto-update on Wed Oct 22 01:50:44 UTC 2025
Auto-update on Thu Oct 23 01:46:25 UTC 2025
Auto-update on Fri Oct 24 01:42:32 UTC 2025
Auto-update on Sat Oct 25 01:44:06 UTC 2025
Auto-update on Sun Oct 26 01:52:49 UTC 2025
Auto-update on Mon Oct 27 01:56:44 UTC 2025
Auto-update on Tue Oct 28 01:46:35 UTC 2025
Auto-update on Wed Oct 29 01:53:31 UTC 2025
Auto-update on Thu Oct 30 01:52:56 UTC 2025
Auto-update on Fri Oct 31 01:49:39 UTC 2025
Auto-update on Sat Nov  1 01:53:08 UTC 2025
Auto-update on Sun Nov  2 01:55:36 UTC 2025
Auto-update on Mon Nov  3 01:54:47 UTC 2025
Auto-update on Tue Nov  4 01:50:19 UTC 2025
Auto-update on Wed Nov  5 01:51:34 UTC 2025
Auto-update on Thu Nov  6 01:51:38 UTC 2025
Auto-update on Fri Nov  7 01:50:16 UTC 2025
Auto-update on Sat Nov  8 01:44:26 UTC 2025
Auto-update on Sun Nov  9 01:54:16 UTC 2025
Auto-update on Mon Nov 10 01:56:05 UTC 2025
Auto-update on Tue Nov 11 01:52:27 UTC 2025
Auto-update on Wed Nov 12 01:51:32 UTC 2025
Auto-update on Thu Nov 13 01:53:06 UTC 2025
Auto-update on Fri Nov 14 01:52:11 UTC 2025
Auto-update on Sat Nov 15 01:48:01 UTC 2025
Auto-update on Sun Nov 16 01:57:19 UTC 2025
Auto-update on Mon Nov 17 01:53:05 UTC 2025
Auto-update on Tue Nov 18 01:51:04 UTC 2025
Auto-update on Wed Nov 19 01:51:16 UTC 2025
Auto-update on Thu Nov 20 01:49:36 UTC 2025
Auto-update on Fri Nov 21 01:50:38 UTC 2025
Auto-update on Sat Nov 22 01:46:48 UTC 2025
Auto-update on Sun Nov 23 02:05:03 UTC 2025
Auto-update on Mon Nov 24 01:59:03 UTC 2025
Auto-update on Tue Nov 25 01:52:43 UTC 2025
Auto-update on Wed Nov 26 01:52:41 UTC 2025
Auto-update on Thu Nov 27 01:50:26 UTC 2025
Auto-update on Fri Nov 28 01:50:19 UTC 2025
Auto-update on Sat Nov 29 01:49:58 UTC 2025
Auto-update on Sun Nov 30 02:03:52 UTC 2025
Auto-update on Mon Dec  1 02:11:17 UTC 2025
Auto-update on Tue Dec  2 01:55:01 UTC 2025
Auto-update on Wed Dec  3 01:54:22 UTC 2025
Auto-update on Thu Dec  4 01:55:32 UTC 2025
Auto-update on Fri Dec  5 01:55:46 UTC 2025
Auto-update on Sat Dec  6 01:49:09 UTC 2025
Auto-update on Sun Dec  7 02:04:34 UTC 2025
Auto-update on Mon Dec  8 01:56:33 UTC 2025
Auto-update on Tue Dec  9 01:55:40 UTC 2025
Auto-update on Wed Dec 10 01:57:27 UTC 2025
Auto-update on Thu Dec 11 01:59:13 UTC 2025
